-- Generated by scripts/build-seed.mjs — edit the script, not this file.
-- D1 wraps file execution itself; statements run one-by-one.
DELETE FROM incidents;
DELETE FROM status_snapshots;
DELETE FROM service_uptime;
DELETE FROM daily_uptime;
DELETE FROM services;
INSERT INTO services (id, name, company, category, region_group, priority, brand_color, avatar_text, initial, status_page, status_page_url, source_type, endpoints_json, sort_order) VALUES ('chatgpt', 'ChatGPT', 'OpenAI', '大众聊天', 'global', 'P0', '#10A37F', '#fff', 'GP', 'status.openai.com', 'https://status.openai.com/', 'official_ai_status_page', '[{"label":"官网","url":"chatgpt.com","status":"up"},{"label":"API","url":"api.openai.com","status":"up"},{"label":"Platform","url":"platform.openai.com","status":"up"},{"label":"文档","url":"platform.openai.com/docs","status":"up"}]', 100);
INSERT INTO services (id, name, company, category, region_group, priority, brand_color, avatar_text, initial, status_page, status_page_url, source_type, endpoints_json, sort_order) VALUES ('claude', 'Claude', 'Anthropic', '大众聊天', 'global', 'P0', '#D97757', '#fff', 'CL', 'status.claude.com', 'https://status.claude.com/', 'official_ai_status_page', '[{"label":"官网","url":"claude.ai","status":"up"},{"label":"API","url":"api.anthropic.com","status":"degraded"},{"label":"Console","url":"console.anthropic.com","status":"up"},{"label":"文档","url":"docs.anthropic.com","status":"up"}]', 101);
INSERT INTO services (id, name, company, category, region_group, priority, brand_color, avatar_text, initial, status_page, status_page_url, source_type, endpoints_json, sort_order) VALUES ('gemini', 'Gemini', 'Google', '大众聊天', 'global', 'P0', '#4285F4', '#fff', 'Ge', 'aistudio.google.com/status', 'https://aistudio.google.com/status', 'official_ai_status_page', '[{"label":"官网","url":"gemini.google.com","status":"up"},{"label":"AI Studio","url":"aistudio.google.com","status":"up"},{"label":"文档","url":"ai.google.dev","status":"up"}]', 102);
INSERT INTO services (id, name, company, category, region_group, priority, brand_color, avatar_text, initial, status_page, status_page_url, source_type, endpoints_json, sort_order) VALUES ('grok', 'Grok', 'xAI', '大众聊天', 'global', 'P0', '#1A1A1A', '#fff', 'Gk', 'status.x.ai', 'https://status.x.ai/', 'official_ai_status_page', '[{"label":"官网","url":"grok.com","status":"up"},{"label":"Console","url":"console.x.ai","status":"up"},{"label":"文档","url":"docs.x.ai","status":"up"}]', 103);
INSERT INTO services (id, name, company, category, region_group, priority, brand_color, avatar_text, initial, status_page, status_page_url, source_type, endpoints_json, sort_order) VALUES ('deepseek', 'DeepSeek', 'DeepSeek', '大众聊天', 'china', 'P0', '#4D6BFE', '#fff', 'DS', 'status.deepseek.com', 'https://deepseek.statuspage.io/api/v2/summary.json', 'official_ai_status_page', '[{"label":"聊天","url":"chat.deepseek.com","status":"up"},{"label":"官网","url":"deepseek.com","status":"up"},{"label":"API","url":"api.deepseek.com","status":"degraded"},{"label":"文档","url":"api-docs.deepseek.com","status":"up"}]', 104);
INSERT INTO services (id, name, company, category, region_group, priority, brand_color, avatar_text, initial, status_page, status_page_url, source_type, endpoints_json, sort_order) VALUES ('kimi', 'Kimi', '月之暗面', '大众聊天', 'china', 'P0', '#6C5CE7', '#fff', 'Ki', 'status.moonshot.cn', 'https://status.moonshot.cn/', 'official_ai_status_page', '[{"label":"官网","url":"kimi.com","status":"up"},{"label":"平台","url":"platform.moonshot.cn","status":"up"}]', 105);
INSERT INTO services (id, name, company, category, region_group, priority, brand_color, avatar_text, initial, status_page, status_page_url, source_type, endpoints_json, sort_order) VALUES ('perplexity', 'Perplexity', 'Perplexity AI', 'AI 搜索', 'global', 'P0', '#20808D', '#fff', 'Px', 'status.perplexity.com', 'https://status.perplexity.com/', 'official_ai_status_page', '[{"label":"官网","url":"perplexity.ai","status":"up"},{"label":"文档","url":"docs.perplexity.ai","status":"up"}]', 106);
INSERT INTO services (id, name, company, category, region_group, priority, brand_color, avatar_text, initial, status_page, status_page_url, source_type, endpoints_json, sort_order) VALUES ('cursor', 'Cursor', 'Anysphere', 'AI 编程', 'global', 'P0', '#1A1A1A', '#fff', 'Cu', 'status.cursor.com', 'https://status.cursor.com/', 'official_ai_status_page', '[{"label":"官网","url":"cursor.com","status":"up"},{"label":"文档","url":"docs.cursor.com","status":"up"}]', 107);
INSERT INTO services (id, name, company, category, region_group, priority, brand_color, avatar_text, initial, status_page, status_page_url, source_type, endpoints_json, sort_order) VALUES ('windsurf', 'Windsurf', 'Codeium', 'AI 编程', 'global', 'P0', '#00B4D8', '#fff', 'Ws', 'status.windsurf.com', 'https://status.windsurf.com/', 'official_ai_status_page', '[{"label":"官网","url":"windsurf.com","status":"up"},{"label":"支持","url":"windsurf.com/support","status":"up"}]', 108);
INSERT INTO services (id, name, company, category, region_group, priority, brand_color, avatar_text, initial, status_page, status_page_url, source_type, endpoints_json, sort_order) VALUES ('huggingface', 'Hugging Face', 'Hugging Face', '模型平台', 'global', 'P0', '#FFD21E', '#1A1A1A', 'HF', 'status.huggingface.co', 'https://status.huggingface.co/', 'betterstack', '[{"label":"官网","url":"huggingface.co","status":"up"},{"label":"Inference","url":"api-inference.huggingface.co","status":"degraded"},{"label":"Hub","url":"huggingface.co/models","status":"up"},{"label":"文档","url":"huggingface.co/docs","status":"up"}]', 109);
INSERT INTO services (id, name, company, category, region_group, priority, brand_color, avatar_text, initial, status_page, status_page_url, source_type, endpoints_json, sort_order) VALUES ('replicate', 'Replicate', 'Replicate', '模型平台', 'global', 'P0', '#262626', '#fff', 'Re', 'replicatestatus.com', 'https://www.replicatestatus.com/', 'official_ai_status_page', '[{"label":"官网","url":"replicate.com","status":"up"},{"label":"API","url":"api.replicate.com","status":"up"},{"label":"文档","url":"replicate.com/docs","status":"up"}]', 110);
INSERT INTO services (id, name, company, category, region_group, priority, brand_color, avatar_text, initial, status_page, status_page_url, source_type, endpoints_json, sort_order) VALUES ('openrouter', 'OpenRouter', 'OpenRouter', '模型平台', 'global', 'P0', '#6366F1', '#fff', 'OR', 'status.openrouter.ai', 'https://api.onlineornot.com/v1/status_pages/openrouter/summary', 'onlineornot', '[{"label":"官网","url":"openrouter.ai","status":"unknown"},{"label":"API","url":"openrouter.ai/api","status":"unknown"},{"label":"文档","url":"openrouter.ai/docs","status":"unknown"}]', 111);
INSERT INTO services (id, name, company, category, region_group, priority, brand_color, avatar_text, initial, status_page, status_page_url, source_type, endpoints_json, sort_order) VALUES ('replit', 'Replit', 'Replit', 'AI 编程', 'global', 'P1', '#F26207', '#fff', 'Rp', 'status.replit.com', 'https://status.replit.com/api/v1/status.json', 'official_ai_status_page', '[{"label":"官网","url":"replit.com","status":"up"}]', 212);
INSERT INTO services (id, name, company, category, region_group, priority, brand_color, avatar_text, initial, status_page, status_page_url, source_type, endpoints_json, sort_order) VALUES ('manus', 'Manus', 'Manus', 'AI 编程', 'global', 'P1', '#5046E5', '#fff', 'Ma', 'status.manus.im', 'https://status.manus.im/', 'official_ai_status_page', '[{"label":"官网","url":"manus.im","status":"up"}]', 213);
INSERT INTO services (id, name, company, category, region_group, priority, brand_color, avatar_text, initial, status_page, status_page_url, source_type, endpoints_json, sort_order) VALUES ('gamma', 'Gamma', 'Gamma', '设计/生产力', 'global', 'P1', '#B197FC', '#fff', 'Ga', 'status.gamma.app', 'https://status.gamma.app/', 'instatus', '[{"label":"官网","url":"gamma.app","status":"up"}]', 214);
INSERT INTO services (id, name, company, category, region_group, priority, brand_color, avatar_text, initial, status_page, status_page_url, source_type, endpoints_json, sort_order) VALUES ('vercel', 'Vercel', 'Vercel', '模型平台', 'global', 'P1', '#000000', '#fff', 'Ve', 'vercel-status.com', 'https://vercel.statuspage.io/api/v2/summary.json', 'official_ai_status_page', '[{"label":"官网","url":"vercel.com","status":"up"},{"label":"AI Gateway 文档","url":"vercel.com/docs/ai-gateway","status":"up"}]', 215);
INSERT INTO services (id, name, company, category, region_group, priority, brand_color, avatar_text, initial, status_page, status_page_url, source_type, endpoints_json, sort_order) VALUES ('together', 'Together AI', 'Together AI', '模型平台', 'global', 'P1', '#2D2D2D', '#fff', 'To', 'status.together.ai', 'https://status.together.ai/', 'official_ai_status_page', '[{"label":"官网","url":"together.ai","status":"up"},{"label":"API","url":"api.together.xyz","status":"up"},{"label":"文档","url":"docs.together.ai","status":"up"}]', 216);
INSERT INTO services (id, name, company, category, region_group, priority, brand_color, avatar_text, initial, status_page, status_page_url, source_type, endpoints_json, sort_order) VALUES ('groq', 'GroqCloud', 'Groq', '模型平台', 'global', 'P1', '#F55036', '#fff', 'Gq', 'groqstatus.com', 'https://groqstatus.com/', 'official_ai_status_page', '[{"label":"官网","url":"groq.com","status":"up"},{"label":"Console","url":"console.groq.com","status":"up"},{"label":"文档","url":"console.groq.com/docs","status":"up"}]', 217);
INSERT INTO services (id, name, company, category, region_group, priority, brand_color, avatar_text, initial, status_page, status_page_url, source_type, endpoints_json, sort_order) VALUES ('mistral', 'Mistral AI', 'Mistral', '模型平台', 'global', 'P1', '#FF7000', '#fff', 'Mi', 'status.mistral.ai', 'https://status.mistral.ai/', 'official_ai_status_page', '[{"label":"官网","url":"mistral.ai","status":"up"},{"label":"API","url":"api.mistral.ai","status":"up"},{"label":"文档","url":"docs.mistral.ai","status":"up"}]', 218);
INSERT INTO services (id, name, company, category, region_group, priority, brand_color, avatar_text, initial, status_page, status_page_url, source_type, endpoints_json, sort_order) VALUES ('cohere', 'Cohere', 'Cohere', '模型平台', 'global', 'P1', '#39594C', '#fff', 'Co', 'status.cohere.com', 'https://status.cohere.com/', 'official_ai_status_page', '[{"label":"官网","url":"cohere.com","status":"up"},{"label":"文档","url":"docs.cohere.com","status":"up"}]', 219);
INSERT INTO services (id, name, company, category, region_group, priority, brand_color, avatar_text, initial, status_page, status_page_url, source_type, endpoints_json, sort_order) VALUES ('fireworks', 'Fireworks AI', 'Fireworks', '模型平台', 'global', 'P1', '#5B1FE0', '#fff', 'Fi', 'status.fireworks.ai', 'https://status.fireworks.ai/', 'official_ai_status_page', '[{"label":"官网","url":"fireworks.ai","status":"up"},{"label":"文档","url":"docs.fireworks.ai","status":"up"}]', 220);
INSERT INTO services (id, name, company, category, region_group, priority, brand_color, avatar_text, initial, status_page, status_page_url, source_type, endpoints_json, sort_order) VALUES ('azure-ai', 'Microsoft Foundry', 'Microsoft', '模型平台', 'global', 'P1', '#00A4EF', '#fff', 'MS', 'status.ai.azure.com', 'https://status.ai.azure.com/', 'cloud_health_dashboard', '[{"label":"AI Foundry","url":"ai.azure.com","status":"up"},{"label":"Azure OpenAI","url":"azure.microsoft.com/products/ai-services/openai-service","status":"up"}]', 221);
INSERT INTO services (id, name, company, category, region_group, priority, brand_color, avatar_text, initial, status_page, status_page_url, source_type, endpoints_json, sort_order) VALUES ('stability', 'Stability AI', 'Stability AI', '图像/音视频', 'global', 'P1', '#5B4CE0', '#fff', 'SA', 'status.stability.ai', 'https://status.stability.ai/', 'official_ai_status_page', '[{"label":"官网","url":"stability.ai","status":"up"},{"label":"API","url":"api.stability.ai","status":"degraded"},{"label":"文档","url":"platform.stability.ai/docs","status":"up"}]', 222);
INSERT INTO services (id, name, company, category, region_group, priority, brand_color, avatar_text, initial, status_page, status_page_url, source_type, endpoints_json, sort_order) VALUES ('runway', 'Runway', 'Runway', '图像/音视频', 'global', 'P1', '#1A1A1A', '#fff', 'Rw', 'status.runway.team', 'https://status.runway.team/', 'official_ai_status_page', '[{"label":"官网","url":"runwayml.com","status":"up"}]', 223);
INSERT INTO services (id, name, company, category, region_group, priority, brand_color, avatar_text, initial, status_page, status_page_url, source_type, endpoints_json, sort_order) VALUES ('elevenlabs', 'ElevenLabs', 'ElevenLabs', '图像/音视频', 'global', 'P1', '#1A1A1A', '#fff', 'EL', 'status.elevenlabs.io', 'https://status.elevenlabs.io/', 'official_ai_status_page', '[{"label":"官网","url":"elevenlabs.io","status":"up"},{"label":"API","url":"api.elevenlabs.io","status":"up"},{"label":"文档","url":"elevenlabs.io/docs","status":"up"}]', 224);
INSERT INTO services (id, name, company, category, region_group, priority, brand_color, avatar_text, initial, status_page, status_page_url, source_type, endpoints_json, sort_order) VALUES ('luma', 'Luma AI', 'Luma Labs', '图像/音视频', 'global', 'P1', '#1A1A1A', '#fff', 'Lu', 'status.lumalabs.ai', 'https://status.lumalabs.ai/', 'betterstack', '[{"label":"官网","url":"lumalabs.ai","status":"up"}]', 225);
INSERT INTO services (id, name, company, category, region_group, priority, brand_color, avatar_text, initial, status_page, status_page_url, source_type, endpoints_json, sort_order) VALUES ('ideogram', 'Ideogram', 'Ideogram', '图像/音视频', 'global', 'P1', '#8B5CF6', '#fff', 'Id', 'status.ideogram.ai', 'https://status.ideogram.ai/', 'official_ai_status_page', '[{"label":"官网","url":"ideogram.ai","status":"up"}]', 226);
INSERT INTO services (id, name, company, category, region_group, priority, brand_color, avatar_text, initial, status_page, status_page_url, source_type, endpoints_json, sort_order) VALUES ('adobe', 'Adobe Firefly', 'Adobe', '设计/生产力', 'global', 'P1', '#FA0F00', '#fff', 'Ad', 'status.adobe.com/products/536716', 'https://status.adobe.com/products/536716', 'cloud_health_dashboard', '[{"label":"Firefly","url":"firefly.adobe.com","status":"up","bodyMustContain":["Firefly"]}]', 227);
INSERT INTO services (id, name, company, category, region_group, priority, brand_color, avatar_text, initial, status_page, status_page_url, source_type, endpoints_json, sort_order) VALUES ('canva', 'Canva', 'Canva', '设计/生产力', 'global', 'P1', '#00C4CC', '#fff', 'Cv', 'canvastatus.com', 'https://www.canvastatus.com/', 'official_ai_status_page', '[{"label":"官网","url":"canva.com","status":"up"}]', 228);
INSERT INTO services (id, name, company, category, region_group, priority, brand_color, avatar_text, initial, status_page, status_page_url, source_type, endpoints_json, sort_order) VALUES ('figma', 'Figma', 'Figma', '设计/生产力', 'global', 'P1', '#F24E1E', '#fff', 'Fg', 'status.figma.com', 'https://status.figma.com/', 'official_ai_status_page', '[{"label":"官网","url":"figma.com","status":"up"}]', 229);
INSERT INTO services (id, name, company, category, region_group, priority, brand_color, avatar_text, initial, status_page, status_page_url, source_type, endpoints_json, sort_order) VALUES ('alibaba-bailian', '阿里云百炼', '阿里云', '模型平台', 'china', 'P1', '#FF6A00', '#fff', 'AL', 'status.alibabacloud.com', 'https://status.alibabacloud.com/', 'cloud_health_dashboard', '[{"label":"百炼控制台","url":"bailian.console.aliyun.com","status":"up"},{"label":"DashScope","url":"dashscope.console.aliyun.com","status":"up"}]', 230);
INSERT INTO services (id, name, company, category, region_group, priority, brand_color, avatar_text, initial, status_page, status_page_url, source_type, endpoints_json, sort_order) VALUES ('baidu-qianfan', '百度千帆', '百度智能云', '模型平台', 'china', 'P1', '#2932E1', '#fff', 'BD', 'cloud.baidu.com/status.html', 'https://cloud.baidu.com/status.html', 'cloud_health_dashboard', '[{"label":"千帆控制台","url":"qianfan.cloud.baidu.com","status":"up"}]', 231);
INSERT INTO services (id, name, company, category, region_group, priority, brand_color, avatar_text, initial, status_page, status_page_url, source_type, endpoints_json, sort_order) VALUES ('tencent-hunyuan', '腾讯混元', '腾讯云', '模型平台', 'china', 'P1', '#006EFF', '#fff', 'TC', 'status.tencentcloud.com', 'https://status.tencentcloud.com/', 'cloud_health_dashboard', '[{"label":"混元","url":"hunyuan.tencent.com","status":"up"}]', 232);
INSERT INTO services (id, name, company, category, region_group, priority, brand_color, avatar_text, initial, status_page, status_page_url, source_type, endpoints_json, sort_order) VALUES ('baseten', 'Baseten', 'Baseten', '模型平台', 'global', 'P2', '#6366F1', '#fff', 'Bt', 'status.baseten.co', 'https://status.baseten.co/', 'official_ai_status_page', '[{"label":"官网","url":"baseten.co","status":"up"}]', 333);
INSERT INTO services (id, name, company, category, region_group, priority, brand_color, avatar_text, initial, status_page, status_page_url, source_type, endpoints_json, sort_order) VALUES ('novita', 'Novita AI', 'Novita AI', '模型平台', 'global', 'P2', '#5046E5', '#fff', 'Nv', 'status.novita.ai', 'https://status.novita.ai/', 'betterstack', '[{"label":"官网","url":"novita.ai","status":"up"}]', 334);
INSERT INTO services (id, name, company, category, region_group, priority, brand_color, avatar_text, initial, status_page, status_page_url, source_type, endpoints_json, sort_order) VALUES ('bfl', 'Black Forest Labs', 'BFL', '图像/音视频', 'global', 'P2', '#1A1A1A', '#fff', 'BF', 'status.bfl.ml', 'https://status.bfl.ml/', 'official_ai_status_page', '[{"label":"官网","url":"bfl.ai","status":"up"},{"label":"文档","url":"docs.bfl.ml","status":"up"}]', 335);
INSERT INTO services (id, name, company, category, region_group, priority, brand_color, avatar_text, initial, status_page, status_page_url, source_type, endpoints_json, sort_order) VALUES ('udio', 'Udio', 'Udio', '图像/音视频', 'global', 'P2', '#00FFAA', '#1A1A1A', 'Ud', 'status.udio.com', 'https://status.udio.com/', 'betterstack', '[{"label":"官网","url":"udio.com","status":"up"}]', 336);
INSERT INTO services (id, name, company, category, region_group, priority, brand_color, avatar_text, initial, status_page, status_page_url, source_type, endpoints_json, sort_order) VALUES ('copilot', 'GitHub Copilot', 'GitHub', 'AI 编程', 'global', 'P0', '#1A1A1A', '#fff', 'GC', 'www.githubstatus.com', 'https://www.githubstatus.com/api/v2/summary.json', 'official_ai_status_page', '[{"label":"官网","url":"github.com","status":"unknown"},{"label":"Copilot","url":"github.com/features/copilot","status":"unknown"}]', 137);
INSERT INTO services (id, name, company, category, region_group, priority, brand_color, avatar_text, initial, status_page, status_page_url, source_type, endpoints_json, sort_order) VALUES ('tabnine', 'Tabnine', 'Tabnine', 'AI 编程', 'global', 'P1', '#3DBDD5', '#fff', 'Tn', 'status.tabnine.com', 'https://status.tabnine.com/', 'official_ai_status_page', '[{"label":"官网","url":"tabnine.com","status":"unknown"}]', 238);
INSERT INTO services (id, name, company, category, region_group, priority, brand_color, avatar_text, initial, status_page, status_page_url, source_type, endpoints_json, sort_order) VALUES ('character-ai', 'Character.AI', 'Character.AI', '大众聊天', 'global', 'P1', '#1E40AF', '#fff', 'Ch', 'status.character.ai', 'https://status.character.ai/', 'official_ai_status_page', '[{"label":"官网","url":"character.ai","status":"unknown"}]', 239);
INSERT INTO services (id, name, company, category, region_group, priority, brand_color, avatar_text, initial, status_page, status_page_url, source_type, endpoints_json, sort_order) VALUES ('notion', 'Notion / Notion AI', 'Notion', '设计/生产力', 'global', 'P1', '#1A1A1A', '#fff', 'No', 'www.notion-status.com', 'https://www.notion-status.com/', 'official_ai_status_page', '[{"label":"官网","url":"notion.so","status":"unknown"}]', 240);
INSERT INTO services (id, name, company, category, region_group, priority, brand_color, avatar_text, initial, status_page, status_page_url, source_type, endpoints_json, sort_order) VALUES ('recraft', 'Recraft', 'Recraft', '图像/音视频', 'global', 'P2', '#1A1A1A', '#fff', 'Rc', 'recraft.instatus.com', 'https://recraft.instatus.com/', 'instatus', '[{"label":"官网","url":"recraft.ai","status":"unknown"}]', 341);
INSERT INTO services (id, name, company, category, region_group, priority, brand_color, avatar_text, initial, status_page, status_page_url, source_type, endpoints_json, sort_order) VALUES ('lovable', 'Lovable', 'Lovable', 'AI 编程', 'global', 'P1', '#FF4F8B', '#fff', 'Lv', 'status.lovable.dev', 'https://status.lovable.dev/', 'incidentio', '[{"label":"官网","url":"lovable.dev","status":"unknown"}]', 242);
INSERT INTO services (id, name, company, category, region_group, priority, brand_color, avatar_text, initial, status_page, status_page_url, source_type, endpoints_json, sort_order) VALUES ('bolt', 'Bolt.new', 'StackBlitz', 'AI 编程', 'global', 'P1', '#1A1A1A', '#fff', 'Bo', 'status.bolt.new', 'https://status.bolt.new/', 'incidentio', '[{"label":"官网","url":"bolt.new","status":"unknown"}]', 243);
INSERT INTO status_snapshots (service_id, status, pattern_hint, uptime_7d, uptime_90d, endpoints_json, checked_at) VALUES ('chatgpt', 'operational', NULL, NULL, NULL, '[{"label":"官网","url":"chatgpt.com","status":"up"},{"label":"API","url":"api.openai.com","status":"up"},{"label":"Platform","url":"platform.openai.com","status":"up"},{"label":"文档","url":"platform.openai.com/docs","status":"up"}]', datetime('now', '-2 minutes'));
INSERT INTO service_uptime (service_id, uptime_7d, uptime_90d, pattern_hint, refreshed_at) VALUES ('chatgpt', 0.9998, 0.9995, 'perfect', datetime('now'));
INSERT INTO status_snapshots (service_id, status, pattern_hint, uptime_7d, uptime_90d, endpoints_json, checked_at) VALUES ('claude', 'degraded', NULL, NULL, NULL, '[{"label":"官网","url":"claude.ai","status":"up"},{"label":"API","url":"api.anthropic.com","status":"degraded"},{"label":"Console","url":"console.anthropic.com","status":"up"},{"label":"文档","url":"docs.anthropic.com","status":"up"}]', datetime('now', '-5 minutes'));
INSERT INTO service_uptime (service_id, uptime_7d, uptime_90d, pattern_hint, refreshed_at) VALUES ('claude', 0.9987, 0.9984, 'recent_issue', datetime('now'));
INSERT INTO status_snapshots (service_id, status, pattern_hint, uptime_7d, uptime_90d, endpoints_json, checked_at) VALUES ('gemini', 'operational', NULL, NULL, NULL, '[{"label":"官网","url":"gemini.google.com","status":"up"},{"label":"AI Studio","url":"aistudio.google.com","status":"up"},{"label":"文档","url":"ai.google.dev","status":"up"}]', datetime('now', '-1 minutes'));
INSERT INTO service_uptime (service_id, uptime_7d, uptime_90d, pattern_hint, refreshed_at) VALUES ('gemini', 0.9999, 0.9996, 'perfect', datetime('now'));
INSERT INTO status_snapshots (service_id, status, pattern_hint, uptime_7d, uptime_90d, endpoints_json, checked_at) VALUES ('grok', 'operational', NULL, NULL, NULL, '[{"label":"官网","url":"grok.com","status":"up"},{"label":"Console","url":"console.x.ai","status":"up"},{"label":"文档","url":"docs.x.ai","status":"up"}]', datetime('now', '-4 minutes'));
INSERT INTO service_uptime (service_id, uptime_7d, uptime_90d, pattern_hint, refreshed_at) VALUES ('grok', 0.9991, 0.9988, 'perfect', datetime('now'));
INSERT INTO status_snapshots (service_id, status, pattern_hint, uptime_7d, uptime_90d, endpoints_json, checked_at) VALUES ('deepseek', 'partial_outage', NULL, NULL, NULL, '[{"label":"聊天","url":"chat.deepseek.com","status":"up"},{"label":"官网","url":"deepseek.com","status":"up"},{"label":"API","url":"api.deepseek.com","status":"degraded"},{"label":"文档","url":"api-docs.deepseek.com","status":"up"}]', datetime('now', '-3 minutes'));
INSERT INTO service_uptime (service_id, uptime_7d, uptime_90d, pattern_hint, refreshed_at) VALUES ('deepseek', 0.9942, 0.9939, 'some_issues', datetime('now'));
INSERT INTO status_snapshots (service_id, status, pattern_hint, uptime_7d, uptime_90d, endpoints_json, checked_at) VALUES ('kimi', 'operational', NULL, NULL, NULL, '[{"label":"官网","url":"kimi.com","status":"up"},{"label":"平台","url":"platform.moonshot.cn","status":"up"}]', datetime('now', '-5 minutes'));
INSERT INTO service_uptime (service_id, uptime_7d, uptime_90d, pattern_hint, refreshed_at) VALUES ('kimi', 0.9988, 0.9985, 'perfect', datetime('now'));
INSERT INTO status_snapshots (service_id, status, pattern_hint, uptime_7d, uptime_90d, endpoints_json, checked_at) VALUES ('perplexity', 'operational', NULL, NULL, NULL, '[{"label":"官网","url":"perplexity.ai","status":"up"},{"label":"文档","url":"docs.perplexity.ai","status":"up"}]', datetime('now', '-2 minutes'));
INSERT INTO service_uptime (service_id, uptime_7d, uptime_90d, pattern_hint, refreshed_at) VALUES ('perplexity', 0.9996, 0.9993, 'perfect', datetime('now'));
INSERT INTO status_snapshots (service_id, status, pattern_hint, uptime_7d, uptime_90d, endpoints_json, checked_at) VALUES ('cursor', 'operational', NULL, NULL, NULL, '[{"label":"官网","url":"cursor.com","status":"up"},{"label":"文档","url":"docs.cursor.com","status":"up"}]', datetime('now', '-3 minutes'));
INSERT INTO service_uptime (service_id, uptime_7d, uptime_90d, pattern_hint, refreshed_at) VALUES ('cursor', 0.9995, 0.9991, 'scattered', datetime('now'));
INSERT INTO status_snapshots (service_id, status, pattern_hint, uptime_7d, uptime_90d, endpoints_json, checked_at) VALUES ('windsurf', 'maintenance', NULL, NULL, NULL, '[{"label":"官网","url":"windsurf.com","status":"up"},{"label":"支持","url":"windsurf.com/support","status":"up"}]', datetime('now', '-15 minutes'));
INSERT INTO service_uptime (service_id, uptime_7d, uptime_90d, pattern_hint, refreshed_at) VALUES ('windsurf', 0.998, 0.9978, 'maintenance', datetime('now'));
INSERT INTO status_snapshots (service_id, status, pattern_hint, uptime_7d, uptime_90d, endpoints_json, checked_at) VALUES ('huggingface', 'degraded', NULL, NULL, NULL, '[{"label":"官网","url":"huggingface.co","status":"up"},{"label":"Inference","url":"api-inference.huggingface.co","status":"degraded"},{"label":"Hub","url":"huggingface.co/models","status":"up"},{"label":"文档","url":"huggingface.co/docs","status":"up"}]', datetime('now', '-8 minutes'));
INSERT INTO service_uptime (service_id, uptime_7d, uptime_90d, pattern_hint, refreshed_at) VALUES ('huggingface', 0.9965, 0.9962, 'some_issues', datetime('now'));
INSERT INTO status_snapshots (service_id, status, pattern_hint, uptime_7d, uptime_90d, endpoints_json, checked_at) VALUES ('replicate', 'operational', NULL, NULL, NULL, '[{"label":"官网","url":"replicate.com","status":"up"},{"label":"API","url":"api.replicate.com","status":"up"},{"label":"文档","url":"replicate.com/docs","status":"up"}]', datetime('now', '-2 minutes'));
INSERT INTO service_uptime (service_id, uptime_7d, uptime_90d, pattern_hint, refreshed_at) VALUES ('replicate', 0.9994, 0.9991, 'perfect', datetime('now'));
INSERT INTO status_snapshots (service_id, status, pattern_hint, uptime_7d, uptime_90d, endpoints_json, checked_at) VALUES ('replit', 'operational', NULL, NULL, NULL, '[{"label":"官网","url":"replit.com","status":"up"}]', datetime('now', '-3 minutes'));
INSERT INTO service_uptime (service_id, uptime_7d, uptime_90d, pattern_hint, refreshed_at) VALUES ('replit', 0.999, 0.9987, 'perfect', datetime('now'));
INSERT INTO status_snapshots (service_id, status, pattern_hint, uptime_7d, uptime_90d, endpoints_json, checked_at) VALUES ('manus', 'operational', NULL, NULL, NULL, '[{"label":"官网","url":"manus.im","status":"up"}]', datetime('now', '-6 minutes'));
INSERT INTO service_uptime (service_id, uptime_7d, uptime_90d, pattern_hint, refreshed_at) VALUES ('manus', 0.9985, 0.9981, 'perfect', datetime('now'));
INSERT INTO status_snapshots (service_id, status, pattern_hint, uptime_7d, uptime_90d, endpoints_json, checked_at) VALUES ('gamma', 'operational', NULL, NULL, NULL, '[{"label":"官网","url":"gamma.app","status":"up"}]', datetime('now', '-7 minutes'));
INSERT INTO service_uptime (service_id, uptime_7d, uptime_90d, pattern_hint, refreshed_at) VALUES ('gamma', 0.9983, 0.998, 'scattered', datetime('now'));
INSERT INTO status_snapshots (service_id, status, pattern_hint, uptime_7d, uptime_90d, endpoints_json, checked_at) VALUES ('vercel', 'operational', NULL, NULL, NULL, '[{"label":"官网","url":"vercel.com","status":"up"},{"label":"AI Gateway 文档","url":"vercel.com/docs/ai-gateway","status":"up"}]', datetime('now', '-2 minutes'));
INSERT INTO service_uptime (service_id, uptime_7d, uptime_90d, pattern_hint, refreshed_at) VALUES ('vercel', 0.9997, 0.9994, 'perfect', datetime('now'));
INSERT INTO status_snapshots (service_id, status, pattern_hint, uptime_7d, uptime_90d, endpoints_json, checked_at) VALUES ('together', 'operational', NULL, NULL, NULL, '[{"label":"官网","url":"together.ai","status":"up"},{"label":"API","url":"api.together.xyz","status":"up"},{"label":"文档","url":"docs.together.ai","status":"up"}]', datetime('now', '-3 minutes'));
INSERT INTO service_uptime (service_id, uptime_7d, uptime_90d, pattern_hint, refreshed_at) VALUES ('together', 0.9992, 0.9989, 'perfect', datetime('now'));
INSERT INTO status_snapshots (service_id, status, pattern_hint, uptime_7d, uptime_90d, endpoints_json, checked_at) VALUES ('groq', 'operational', NULL, NULL, NULL, '[{"label":"官网","url":"groq.com","status":"up"},{"label":"Console","url":"console.groq.com","status":"up"},{"label":"文档","url":"console.groq.com/docs","status":"up"}]', datetime('now', '-4 minutes'));
INSERT INTO service_uptime (service_id, uptime_7d, uptime_90d, pattern_hint, refreshed_at) VALUES ('groq', 0.9989, 0.9985, 'scattered', datetime('now'));
INSERT INTO status_snapshots (service_id, status, pattern_hint, uptime_7d, uptime_90d, endpoints_json, checked_at) VALUES ('mistral', 'operational', NULL, NULL, NULL, '[{"label":"官网","url":"mistral.ai","status":"up"},{"label":"API","url":"api.mistral.ai","status":"up"},{"label":"文档","url":"docs.mistral.ai","status":"up"}]', datetime('now', '-2 minutes'));
INSERT INTO service_uptime (service_id, uptime_7d, uptime_90d, pattern_hint, refreshed_at) VALUES ('mistral', 0.9997, 0.9994, 'perfect', datetime('now'));
INSERT INTO status_snapshots (service_id, status, pattern_hint, uptime_7d, uptime_90d, endpoints_json, checked_at) VALUES ('cohere', 'operational', NULL, NULL, NULL, '[{"label":"官网","url":"cohere.com","status":"up"},{"label":"文档","url":"docs.cohere.com","status":"up"}]', datetime('now', '-5 minutes'));
INSERT INTO service_uptime (service_id, uptime_7d, uptime_90d, pattern_hint, refreshed_at) VALUES ('cohere', 0.9993, 0.999, 'perfect', datetime('now'));
INSERT INTO status_snapshots (service_id, status, pattern_hint, uptime_7d, uptime_90d, endpoints_json, checked_at) VALUES ('fireworks', 'operational', NULL, NULL, NULL, '[{"label":"官网","url":"fireworks.ai","status":"up"},{"label":"文档","url":"docs.fireworks.ai","status":"up"}]', datetime('now', '-4 minutes'));
INSERT INTO service_uptime (service_id, uptime_7d, uptime_90d, pattern_hint, refreshed_at) VALUES ('fireworks', 0.9991, 0.9988, 'perfect', datetime('now'));
INSERT INTO status_snapshots (service_id, status, pattern_hint, uptime_7d, uptime_90d, endpoints_json, checked_at) VALUES ('azure-ai', 'operational', NULL, NULL, NULL, '[{"label":"AI Foundry","url":"ai.azure.com","status":"up"},{"label":"Azure OpenAI","url":"azure.microsoft.com/products/ai-services/openai-service","status":"up"}]', datetime('now', '-6 minutes'));
INSERT INTO service_uptime (service_id, uptime_7d, uptime_90d, pattern_hint, refreshed_at) VALUES ('azure-ai', 0.9988, 0.9984, 'scattered', datetime('now'));
INSERT INTO status_snapshots (service_id, status, pattern_hint, uptime_7d, uptime_90d, endpoints_json, checked_at) VALUES ('stability', 'degraded', NULL, NULL, NULL, '[{"label":"官网","url":"stability.ai","status":"up"},{"label":"API","url":"api.stability.ai","status":"degraded"},{"label":"文档","url":"platform.stability.ai/docs","status":"up"}]', datetime('now', '-10 minutes'));
INSERT INTO service_uptime (service_id, uptime_7d, uptime_90d, pattern_hint, refreshed_at) VALUES ('stability', 0.9971, 0.9968, 'recent_issue', datetime('now'));
INSERT INTO status_snapshots (service_id, status, pattern_hint, uptime_7d, uptime_90d, endpoints_json, checked_at) VALUES ('runway', 'operational', NULL, NULL, NULL, '[{"label":"官网","url":"runwayml.com","status":"up"}]', datetime('now', '-3 minutes'));
INSERT INTO service_uptime (service_id, uptime_7d, uptime_90d, pattern_hint, refreshed_at) VALUES ('runway', 0.9992, 0.9988, 'perfect', datetime('now'));
INSERT INTO status_snapshots (service_id, status, pattern_hint, uptime_7d, uptime_90d, endpoints_json, checked_at) VALUES ('elevenlabs', 'operational', NULL, NULL, NULL, '[{"label":"官网","url":"elevenlabs.io","status":"up"},{"label":"API","url":"api.elevenlabs.io","status":"up"},{"label":"文档","url":"elevenlabs.io/docs","status":"up"}]', datetime('now', '-2 minutes'));
INSERT INTO service_uptime (service_id, uptime_7d, uptime_90d, pattern_hint, refreshed_at) VALUES ('elevenlabs', 0.9995, 0.9992, 'perfect', datetime('now'));
INSERT INTO status_snapshots (service_id, status, pattern_hint, uptime_7d, uptime_90d, endpoints_json, checked_at) VALUES ('luma', 'operational', NULL, NULL, NULL, '[{"label":"官网","url":"lumalabs.ai","status":"up"}]', datetime('now', '-5 minutes'));
INSERT INTO service_uptime (service_id, uptime_7d, uptime_90d, pattern_hint, refreshed_at) VALUES ('luma', 0.9986, 0.9983, 'perfect', datetime('now'));
INSERT INTO status_snapshots (service_id, status, pattern_hint, uptime_7d, uptime_90d, endpoints_json, checked_at) VALUES ('ideogram', 'operational', NULL, NULL, NULL, '[{"label":"官网","url":"ideogram.ai","status":"up"}]', datetime('now', '-8 minutes'));
INSERT INTO service_uptime (service_id, uptime_7d, uptime_90d, pattern_hint, refreshed_at) VALUES ('ideogram', 0.9984, 0.998, 'perfect', datetime('now'));
INSERT INTO status_snapshots (service_id, status, pattern_hint, uptime_7d, uptime_90d, endpoints_json, checked_at) VALUES ('adobe', 'operational', NULL, NULL, NULL, '[{"label":"Firefly","url":"firefly.adobe.com","status":"up","bodyMustContain":["Firefly"]}]', datetime('now', '-4 minutes'));
INSERT INTO service_uptime (service_id, uptime_7d, uptime_90d, pattern_hint, refreshed_at) VALUES ('adobe', 0.9993, 0.999, 'perfect', datetime('now'));
INSERT INTO status_snapshots (service_id, status, pattern_hint, uptime_7d, uptime_90d, endpoints_json, checked_at) VALUES ('canva', 'operational', NULL, NULL, NULL, '[{"label":"官网","url":"canva.com","status":"up"}]', datetime('now', '-3 minutes'));
INSERT INTO service_uptime (service_id, uptime_7d, uptime_90d, pattern_hint, refreshed_at) VALUES ('canva', 0.9996, 0.9993, 'perfect', datetime('now'));
INSERT INTO status_snapshots (service_id, status, pattern_hint, uptime_7d, uptime_90d, endpoints_json, checked_at) VALUES ('figma', 'operational', NULL, NULL, NULL, '[{"label":"官网","url":"figma.com","status":"up"}]', datetime('now', '-3 minutes'));
INSERT INTO service_uptime (service_id, uptime_7d, uptime_90d, pattern_hint, refreshed_at) VALUES ('figma', 0.9994, 0.9991, 'perfect', datetime('now'));
INSERT INTO status_snapshots (service_id, status, pattern_hint, uptime_7d, uptime_90d, endpoints_json, checked_at) VALUES ('alibaba-bailian', 'operational', NULL, NULL, NULL, '[{"label":"百炼控制台","url":"bailian.console.aliyun.com","status":"up"},{"label":"DashScope","url":"dashscope.console.aliyun.com","status":"up"}]', datetime('now', '-5 minutes'));
INSERT INTO service_uptime (service_id, uptime_7d, uptime_90d, pattern_hint, refreshed_at) VALUES ('alibaba-bailian', 0.999, 0.9987, 'perfect', datetime('now'));
INSERT INTO status_snapshots (service_id, status, pattern_hint, uptime_7d, uptime_90d, endpoints_json, checked_at) VALUES ('baidu-qianfan', 'operational', NULL, NULL, NULL, '[{"label":"千帆控制台","url":"qianfan.cloud.baidu.com","status":"up"}]', datetime('now', '-7 minutes'));
INSERT INTO service_uptime (service_id, uptime_7d, uptime_90d, pattern_hint, refreshed_at) VALUES ('baidu-qianfan', 0.9985, 0.9982, 'perfect', datetime('now'));
INSERT INTO status_snapshots (service_id, status, pattern_hint, uptime_7d, uptime_90d, endpoints_json, checked_at) VALUES ('tencent-hunyuan', 'operational', NULL, NULL, NULL, '[{"label":"混元","url":"hunyuan.tencent.com","status":"up"}]', datetime('now', '-6 minutes'));
INSERT INTO service_uptime (service_id, uptime_7d, uptime_90d, pattern_hint, refreshed_at) VALUES ('tencent-hunyuan', 0.9988, 0.9985, 'perfect', datetime('now'));
INSERT INTO status_snapshots (service_id, status, pattern_hint, uptime_7d, uptime_90d, endpoints_json, checked_at) VALUES ('baseten', 'operational', NULL, NULL, NULL, '[{"label":"官网","url":"baseten.co","status":"up"}]', datetime('now', '-9 minutes'));
INSERT INTO service_uptime (service_id, uptime_7d, uptime_90d, pattern_hint, refreshed_at) VALUES ('baseten', 0.9987, 0.9984, 'perfect', datetime('now'));
INSERT INTO status_snapshots (service_id, status, pattern_hint, uptime_7d, uptime_90d, endpoints_json, checked_at) VALUES ('novita', 'operational', NULL, NULL, NULL, '[{"label":"官网","url":"novita.ai","status":"up"}]', datetime('now', '-12 minutes'));
INSERT INTO service_uptime (service_id, uptime_7d, uptime_90d, pattern_hint, refreshed_at) VALUES ('novita', 0.9981, 0.9978, 'perfect', datetime('now'));
INSERT INTO status_snapshots (service_id, status, pattern_hint, uptime_7d, uptime_90d, endpoints_json, checked_at) VALUES ('bfl', 'operational', NULL, NULL, NULL, '[{"label":"官网","url":"bfl.ai","status":"up"},{"label":"文档","url":"docs.bfl.ml","status":"up"}]', datetime('now', '-11 minutes'));
INSERT INTO service_uptime (service_id, uptime_7d, uptime_90d, pattern_hint, refreshed_at) VALUES ('bfl', 0.9979, 0.9976, 'perfect', datetime('now'));
INSERT INTO status_snapshots (service_id, status, pattern_hint, uptime_7d, uptime_90d, endpoints_json, checked_at) VALUES ('udio', 'operational', NULL, NULL, NULL, '[{"label":"官网","url":"udio.com","status":"up"}]', datetime('now', '-14 minutes'));
INSERT INTO service_uptime (service_id, uptime_7d, uptime_90d, pattern_hint, refreshed_at) VALUES ('udio', 0.9976, 0.9973, 'perfect', datetime('now'));
INSERT INTO incidents (id, service_id, title, inc_status, severity, started_at, updated_at) VALUES ('seed-0-claude', 'claude', 'API 延迟升高，部分请求超时', 'investigating', 'degraded', datetime('now', '-0 hours'), datetime('now', '-0 hours'));
INSERT INTO incidents (id, service_id, title, inc_status, severity, started_at, updated_at) VALUES ('seed-1-deepseek', 'deepseek', 'API 频率限制异常，部分请求 429', 'identified', 'partial_outage', datetime('now', '-3 hours'), datetime('now', '-3 hours'));
INSERT INTO incidents (id, service_id, title, inc_status, severity, started_at, updated_at) VALUES ('seed-2-huggingface', 'huggingface', 'Inference API 间歇性超时', 'monitoring', 'degraded', datetime('now', '-4 hours'), datetime('now', '-4 hours'));
INSERT INTO incidents (id, service_id, title, inc_status, severity, started_at, updated_at) VALUES ('seed-3-stability', 'stability', '图像生成 API 响应缓慢', 'investigating', 'degraded', datetime('now', '-5 hours'), datetime('now', '-5 hours'));
INSERT INTO incidents (id, service_id, title, inc_status, severity, started_at, updated_at) VALUES ('seed-4-windsurf', 'windsurf', '计划系统维护', 'maintenance', 'notice', datetime('now', '-12 hours'), datetime('now', '-12 hours'));
INSERT INTO incidents (id, service_id, title, inc_status, severity, started_at, updated_at) VALUES ('seed-5-chatgpt', 'chatgpt', '网页版短暂中断', 'resolved', 'partial_outage', datetime('now', '-20 hours'), datetime('now', '-20 hours'));
INSERT INTO incidents (id, service_id, title, inc_status, severity, started_at, updated_at) VALUES ('seed-6-openrouter', 'openrouter', '状态页无响应', 'investigating', 'unknown', datetime('now', '-44 hours'), datetime('now', '-44 hours'));
